{
  "marcadores": [
    {
      "latitud":19.3329456,
      "longitud": -99.1851108,
      "titulo": "Islas"
     },
     {
      "latitud":19.3329456,
      "longitud": -99.1851108,
      "titulo": "Islas"
      }
   ]
     
}
